model	Recall	nDCG
MostPop	0.04652896992418352	0.030698275534161153
