model	Recall	nDCG
MostPop	0.08412663965672242	0.04265994019944421
